feature,importance
month_dow_mean,0.09809583140980938
dow_expanding_mean,0.09757773486158815
L14,0.08225434531971496
ewm7,0.08000677887377068
rm14,0.07369209695414772
L21,0.07304111369958834
log_rm7,0.07121507348921817
log_L7,0.07102762984598937
log_L1,0.06815175329116951
log_rm30,0.06228721182950412
rstd7,0.059793740976641176
L28,0.05175321601512461
cos_doy,0.047407525770242924
dow,0.026516306036481935
month_weekend,0.02569879487341248
heavy_extreme_count7,0.01148084675359645
