{
  "lgb": {
    "n_estimators": 548,
    "max_depth": 7,
    "learning_rate": 0.14330571797162225,
    "num_leaves": 73,
    "min_child_samples": 22,
    "subsample": 0.8777977069832856,
    "colsample_bytree": 0.9561761919390762,
    "reg_alpha": 0.023443274447381,
    "reg_lambda": 0.31806411554065017,
    "is_unbalance": true
  },
  "xgb": {
    "n_estimators": 798,
    "max_depth": 7,
    "learning_rate": 0.0262209763647716,
    "min_child_weight": 1,
    "subsample": 0.8142497056141959,
    "colsample_bytree": 0.7409481648316648,
    "reg_alpha": 0.1818011123105643,
    "reg_lambda": 0.2916399115521992,
    "gamma": 0.02337640770715016
  },
  "best_alpha": 0.3
}