{
  "gb": {
    "n_estimators": 685,
    "max_depth": 6,
    "learning_rate": 0.005996616730706667,
    "min_samples_split": 19,
    "min_samples_leaf": 13,
    "subsample": 0.7434787326786191,
    "max_features": "log2"
  },
  "lgb": {
    "n_estimators": 667,
    "max_depth": 8,
    "learning_rate": 0.08108453689411525,
    "num_leaves": 125,
    "min_child_samples": 5,
    "subsample": 0.8824178494541562,
    "colsample_bytree": 0.543437477658973,
    "reg_alpha": 0.0015021031447358915,
    "reg_lambda": 0.2904726249399612
  },
  "xgb": {
    "n_estimators": 913,
    "max_depth": 4,
    "learning_rate": 0.032283585537045724,
    "min_child_weight": 6,
    "subsample": 0.6906265832317527,
    "colsample_bytree": 0.7662324972280885,
    "reg_alpha": 0.12706322181377053,
    "reg_lambda": 0.010357042935994952,
    "gamma": 0.9048668522884462
  },
  "ensemble_weights": {
    "gb": 0.1,
    "lgb": 0.5,
    "xgb": 0.4
  }
}